,0,1,2,3,4,5,6
0,2049.0,4096.0,2048.0,4099.0,3586.0,2.0,0.0
1,2050.0,1.0,2052.0,4.0,2564.0,8.0,3.0
2,2051.0,4097.0,2056.0,2053.0,3590.0,1544.0,5.0
3,2054.0,4098.0,2057.0,4101.0,2568.0,12.0,6.0
4,2062.0,4102.0,2058.0,2055.0,2569.0,1552.0,7.0
5,2063.0,4103.0,2059.0,2060.0,2583.0,17.0,9.0
6,2064.0,4104.0,2061.0,2072.0,2585.0,25.0,10.0
7,2065.0,4105.0,2067.0,34.0,2586.0,26.0,11.0
8,2066.0,4106.0,2073.0,2082.0,27.0,1570.0,13.0
9,4111.0,4107.0,2078.0,2085.0,2587.0,38.0,14.0
10,2068.0,4108.0,2081.0,2087.0,30.0,43.0,15.0
11,2069.0,4110.0,36.0,2098.0,3614.0,46.0,16.0
12,2070.0,18.0,2084.0,2101.0,2599.0,51.0,19.0
13,2071.0,2076.0,44.0,2102.0,40.0,2099.0,20.0
14,4112.0,2080.0,2094.0,82.0,42.0,2615.0,21.0
15,2074.0,45.0,49.0,83.0,48.0,56.0,22.0
16,2075.0,2095.0,53.0,85.0,3637.0,58.0,23.0
17,2077.0,66.0,2103.0,4088.0,54.0,63.0,24.0
18,2079.0,4164.0,2105.0,93.0,3642.0,65.0,28.0
19,2083.0,70.0,60.0,98.0,62.0,2626.0,29.0
20,2086.0,76.0,61.0,99.0,3647.0,71.0,31.0
21,2088.0,2126.0,2109.0,4091.0,67.0,73.0,32.0
22,2089.0,86.0,2110.0,104.0,3656.0,2634.0,33.0
23,2090.0,95.0,64.0,125.0,3662.0,80.0,35.0
24,2091.0,4192.0,79.0,152.0,3663.0,81.0,37.0
25,2092.0,97.0,90.0,2202.0,4185.0,84.0,39.0
26,2093.0,112.0,92.0,169.0,4188.0,87.0,41.0
27,2096.0,117.0,94.0,183.0,4191.0,88.0,47.0
28,2097.0,119.0,100.0,184.0,3684.0,89.0,50.0
29,52.0,121.0,103.0,188.0,3686.0,91.0,55.0
30,2100.0,128.0,106.0,197.0,105.0,4699.0,57.0
31,2104.0,135.0,4214.0,2285.0,3690.0,101.0,59.0
32,2106.0,137.0,122.0,245.0,3692.0,102.0,69.0
33,2107.0,158.0,123.0,252.0,4205.0,107.0,72.0
34,2108.0,162.0,4222.0,257.0,3695.0,108.0,74.0
35,2111.0,163.0,127.0,4359.0,3696.0,109.0,96.0
36,2112.0,164.0,136.0,4372.0,4209.0,110.0,111.0
37,2113.0,170.0,145.0,4373.0,4720.0,113.0,153.0
38,2114.0,4268.0,148.0,2326.0,120.0,114.0,160.0
39,2115.0,177.0,151.0,4381.0,4228.0,115.0,165.0
40,68.0,182.0,159.0,2337.0,4233.0,116.0,174.0
41,2116.0,187.0,4257.0,4385.0,3724.0,118.0,189.0
42,2117.0,4286.0,167.0,4386.0,4241.0,4726.0,219.0
43,2118.0,212.0,168.0,4388.0,3732.0,130.0,289.0
44,2119.0,214.0,171.0,4389.0,4245.0,132.0,295.0
45,2120.0,220.0,173.0,4390.0,3745.0,133.0,671.0
46,2121.0,222.0,175.0,2343.0,1188.0,138.0,672.0
47,75.0,223.0,176.0,4395.0,4264.0,139.0,673.0
48,2122.0,225.0,178.0,2349.0,4265.0,140.0,674.0
49,77.0,233.0,180.0,4398.0,684.0,141.0,675.0
50,78.0,2286.0,181.0,4402.0,1196.0,142.0,676.0
51,2123.0,240.0,185.0,2355.0,1199.0,143.0,677.0
52,2124.0,2289.0,186.0,2358.0,689.0,144.0,678.0
53,2125.0,242.0,191.0,4410.0,690.0,146.0,679.0
54,2127.0,4340.0,192.0,319.0,692.0,147.0,680.0
55,2128.0,2295.0,193.0,4415.0,1204.0,149.0,681.0
56,2129.0,4350.0,194.0,322.0,3765.0,150.0,682.0
57,2130.0,262.0,195.0,4418.0,4278.0,154.0,683.0
58,2131.0,2314.0,196.0,4420.0,1208.0,155.0,685.0
59,2132.0,4362.0,198.0,2374.0,700.0,156.0,686.0
60,2133.0,4366.0,200.0,4422.0,4287.0,157.0,687.0
61,2134.0,4370.0,201.0,4424.0,1217.0,161.0,688.0
62,2135.0,4375.0,202.0,4430.0,4295.0,3770.0,691.0
63,2136.0,2333.0,205.0,2392.0,4297.0,2239.0,693.0
64,2137.0,2336.0,206.0,2396.0,716.0,1226.0,694.0
65,2138.0,4384.0,209.0,350.0,4301.0,4299.0,695.0
66,2139.0,4387.0,210.0,2398.0,2254.0,213.0,696.0
67,2140.0,2341.0,211.0,2416.0,4302.0,218.0,698.0
68,2141.0,4391.0,216.0,2419.0,721.0,3806.0,699.0
69,2142.0,4393.0,217.0,2421.0,2259.0,3807.0,701.0
70,2143.0,4394.0,221.0,2423.0,3795.0,3812.0,702.0
71,2144.0,2348.0,224.0,2428.0,4309.0,4336.0,703.0
72,2145.0,304.0,4320.0,2429.0,4310.0,756.0,704.0
73,2146.0,4403.0,227.0,2432.0,728.0,246.0,705.0
74,2147.0,2357.0,228.0,2433.0,4312.0,1276.0,706.0
75,2148.0,2362.0,230.0,386.0,730.0,1280.0,707.0
76,2149.0,4411.0,231.0,2435.0,4315.0,769.0,708.0
77,124.0,2364.0,232.0,2440.0,2268.0,3843.0,709.0
78,126.0,4413.0,234.0,2441.0,4316.0,772.0,710.0
79,129.0,4416.0,238.0,2444.0,737.0,4358.0,711.0
80,131.0,4417.0,239.0,2446.0,740.0,4360.0,712.0
81,134.0,4419.0,241.0,2449.0,4326.0,4365.0,714.0
82,166.0,2372.0,243.0,2453.0,745.0,271.0,715.0
83,172.0,2375.0,244.0,2464.0,4334.0,3860.0,717.0
84,179.0,2376.0,248.0,2465.0,751.0,1305.0,718.0
85,190.0,2377.0,249.0,2474.0,4335.0,794.0,719.0
86,199.0,4426.0,251.0,2475.0,4339.0,4380.0,720.0
87,203.0,2379.0,253.0,2479.0,4341.0,4382.0,722.0
88,204.0,2380.0,256.0,2520.0,763.0,1315.0,723.0
89,207.0,4427.0,260.0,2526.0,4347.0,805.0,729.0
90,208.0,4431.0,261.0,2527.0,2302.0,807.0,732.0
91,215.0,2385.0,263.0,4576.0,766.0,3881.0,733.0
92,226.0,4433.0,264.0,2533.0,4352.0,815.0,734.0
93,229.0,4434.0,265.0,2540.0,3841.0,308.0,735.0
94,235.0,4435.0,266.0,2545.0,773.0,830.0,738.0
95,236.0,4436.0,4363.0,4596.0,1285.0,1348.0,739.0
96,237.0,4437.0,268.0,4599.0,775.0,2373.0,742.0
97,247.0,4438.0,270.0,2553.0,2312.0,839.0,744.0
98,250.0,4439.0,4367.0,2555.0,3847.0,1354.0,747.0
99,254.0,347.0,272.0,4606.0,2316.0,2378.0,749.0
100,255.0,2395.0,274.0,4616.0,784.0,845.0,758.0
101,258.0,2397.0,276.0,2572.0,2320.0,1360.0,759.0
102,259.0,2399.0,277.0,2574.0,1302.0,851.0,768.0
103,267.0,354.0,278.0,2576.0,1303.0,854.0,771.0
104,269.0,2403.0,282.0,2579.0,2332.0,1370.0,774.0
105,273.0,2404.0,283.0,2582.0,1316.0,2394.0,778.0
106,275.0,2405.0,4378.0,2584.0,806.0,1378.0,779.0
107,279.0,2406.0,285.0,2589.0,1319.0,1383.0,786.0
108,280.0,357.0,286.0,2590.0,1320.0,1385.0,809.0
109,281.0,2407.0,4379.0,2591.0,1325.0,1418.0,814.0
110,284.0,2409.0,290.0,2592.0,1329.0,395.0,817.0
111,287.0,362.0,291.0,2600.0,818.0,1419.0,823.0
112,288.0,2411.0,293.0,2602.0,3893.0,1932.0,834.0
113,292.0,365.0,297.0,2605.0,1336.0,1946.0,835.0
114,294.0,2413.0,298.0,2606.0,1339.0,1947.0,862.0
115,296.0,2414.0,299.0,2608.0,832.0,1438.0,866.0
116,301.0,2415.0,300.0,2609.0,1345.0,1439.0,878.0
117,306.0,2420.0,4397.0,2610.0,1346.0,1956.0,880.0
118,309.0,374.0,302.0,2611.0,1359.0,1959.0,916.0
119,311.0,2424.0,303.0,2613.0,1361.0,1962.0,936.0
120,314.0,2425.0,4399.0,2616.0,1881.0,1451.0,979.0
121,316.0,382.0,305.0,2617.0,1882.0,1964.0,980.0
122,317.0,2430.0,307.0,2624.0,1888.0,1453.0,981.0
123,318.0,2431.0,4405.0,2625.0,1896.0,1966.0,982.0
124,320.0,2436.0,310.0,2628.0,1905.0,1462.0,983.0
125,324.0,389.0,312.0,2630.0,1907.0,1979.0,984.0
126,325.0,2437.0,313.0,2631.0,1921.0,1980.0,985.0
127,326.0,2439.0,4408.0,2635.0,1930.0,1982.0,986.0
128,328.0,2443.0,315.0,2642.0,1935.0,1988.0,987.0
129,329.0,2447.0,4414.0,2643.0,1937.0,1479.0,988.0
130,331.0,2448.0,321.0,2644.0,1938.0,1996.0,989.0
131,332.0,2450.0,323.0,2650.0,1939.0,1999.0,990.0
132,333.0,403.0,4421.0,2653.0,1940.0,2003.0,991.0
133,334.0,2451.0,327.0,2658.0,1977.0,1521.0,992.0
134,335.0,2452.0,4423.0,2659.0,2522.0,505.0,993.0
135,336.0,2455.0,330.0,2661.0,2547.0,1533.0,994.0
136,338.0,408.0,4428.0,2666.0,2549.0,,995.0
137,339.0,2456.0,4429.0,4733.0,,,996.0
138,340.0,2458.0,337.0,4738.0,,,997.0
139,341.0,2459.0,345.0,4740.0,,,998.0
140,342.0,2460.0,351.0,727.0,,,999.0
141,343.0,2461.0,356.0,736.0,,,1000.0
142,344.0,2462.0,361.0,741.0,,,1001.0
143,346.0,2463.0,2412.0,746.0,,,1002.0
144,348.0,2466.0,369.0,753.0,,,1003.0
145,349.0,419.0,373.0,754.0,,,1004.0
146,352.0,2467.0,378.0,755.0,,,1005.0
147,353.0,2468.0,383.0,761.0,,,1006.0
148,355.0,2470.0,384.0,764.0,,,1007.0
149,358.0,2471.0,2434.0,782.0,,,1008.0
150,359.0,2469.0,391.0,788.0,,,1009.0
151,360.0,2473.0,394.0,793.0,,,1010.0
152,363.0,427.0,2457.0,795.0,,,1011.0
153,364.0,2476.0,410.0,796.0,,,1012.0
154,366.0,2477.0,414.0,798.0,,,1013.0
155,367.0,2478.0,417.0,800.0,,,1014.0
156,368.0,2481.0,418.0,810.0,,,1015.0
157,370.0,2482.0,422.0,811.0,,,1016.0
158,371.0,2483.0,426.0,819.0,,,1017.0
159,372.0,2485.0,433.0,825.0,,,1018.0
160,375.0,2486.0,439.0,842.0,,,1019.0
161,376.0,2488.0,440.0,843.0,,,1020.0
162,377.0,2489.0,2487.0,847.0,,,1021.0
163,379.0,2490.0,446.0,848.0,,,1022.0
164,380.0,2491.0,455.0,853.0,,,1023.0
165,381.0,445.0,461.0,857.0,,,1024.0
166,385.0,450.0,481.0,859.0,,,1025.0
167,387.0,4550.0,491.0,861.0,,,1026.0
168,388.0,4557.0,522.0,863.0,,,1027.0
169,390.0,4568.0,533.0,868.0,,,1028.0
170,392.0,2524.0,545.0,871.0,,,1029.0
171,393.0,478.0,4646.0,872.0,,,1030.0
172,396.0,4575.0,2603.0,875.0,,,1031.0
173,397.0,4578.0,561.0,879.0,,,1032.0
174,398.0,4581.0,2619.0,885.0,,,1033.0
175,399.0,4584.0,2620.0,888.0,,,1034.0
176,400.0,4585.0,2622.0,890.0,,,1035.0
177,401.0,4587.0,2627.0,899.0,,,1036.0
178,402.0,4588.0,2632.0,900.0,,,1037.0
179,404.0,2541.0,2633.0,904.0,,,1038.0
180,405.0,4589.0,2637.0,908.0,,,1039.0
181,406.0,4590.0,592.0,914.0,,,1040.0
182,407.0,2544.0,2640.0,917.0,,,1041.0
183,409.0,4591.0,2648.0,920.0,,,1042.0
184,411.0,4592.0,2649.0,921.0,,,1043.0
185,412.0,499.0,610.0,922.0,,,1044.0
186,413.0,4593.0,621.0,925.0,,,1045.0
187,415.0,4594.0,4723.0,929.0,,,1046.0
188,416.0,502.0,821.0,932.0,,,1047.0
189,420.0,2550.0,856.0,933.0,,,1048.0
190,421.0,4595.0,869.0,939.0,,,1049.0
191,423.0,4597.0,873.0,940.0,,,1050.0
192,424.0,4598.0,892.0,944.0,,,1051.0
193,425.0,4600.0,893.0,947.0,,,1052.0
194,2472.0,2556.0,894.0,950.0,,,1053.0
195,428.0,4601.0,896.0,953.0,,,1054.0
196,429.0,4603.0,897.0,960.0,,,1055.0
197,430.0,4604.0,909.0,1180.0,,,1056.0
198,431.0,4605.0,912.0,1221.0,,,1057.0
199,432.0,4607.0,923.0,1223.0,,,1058.0
200,2480.0,4609.0,937.0,1227.0,,,1059.0
201,434.0,4610.0,962.0,1228.0,,,1060.0
202,435.0,4611.0,1254.0,1229.0,,,1061.0
203,436.0,4615.0,1257.0,1230.0,,,1062.0
204,437.0,4617.0,1273.0,1234.0,,,1063.0
205,438.0,2575.0,1314.0,1236.0,,,1064.0
206,2484.0,2588.0,1324.0,1238.0,,,1065.0
207,441.0,2594.0,1331.0,1244.0,,,1066.0
208,442.0,2604.0,1334.0,1248.0,,,1067.0
209,443.0,2607.0,1340.0,1250.0,,,1068.0
210,444.0,2612.0,1363.0,1255.0,,,1069.0
211,447.0,570.0,1369.0,1259.0,,,1070.0
212,448.0,2618.0,1397.0,1260.0,,,1071.0
213,449.0,572.0,1399.0,1261.0,,,1072.0
214,451.0,2623.0,1403.0,1262.0,,,1073.0
215,452.0,578.0,1409.0,1263.0,,,1074.0
216,453.0,2638.0,1415.0,1264.0,,,1075.0
217,454.0,2639.0,1421.0,1265.0,,,1076.0
218,456.0,2641.0,1435.0,1267.0,,,1077.0
219,457.0,2646.0,1437.0,1294.0,,,1078.0
220,458.0,2647.0,1441.0,1295.0,,,1079.0
221,459.0,2652.0,1443.0,1301.0,,,1080.0
222,460.0,2663.0,1455.0,1307.0,,,1081.0
223,462.0,2665.0,1457.0,1311.0,,,1082.0
224,463.0,4713.0,1458.0,1318.0,,,1083.0
225,464.0,2667.0,1459.0,1327.0,,,1084.0
226,465.0,4716.0,1461.0,1328.0,,,1085.0
227,466.0,4717.0,1464.0,1330.0,,,1086.0
228,467.0,2672.0,1470.0,1332.0,,,1087.0
229,468.0,4728.0,1474.0,1335.0,,,1088.0
230,469.0,4729.0,1480.0,1337.0,,,1089.0
231,470.0,4731.0,1484.0,1341.0,,,1090.0
232,471.0,4732.0,1486.0,1349.0,,,1091.0
233,472.0,4735.0,1488.0,1350.0,,,1092.0
234,473.0,4736.0,1494.0,1362.0,,,1093.0
235,474.0,2690.0,1501.0,1364.0,,,1094.0
236,475.0,4739.0,1503.0,1365.0,,,1096.0
237,476.0,4741.0,1504.0,1368.0,,,1097.0
238,477.0,4742.0,1508.0,1371.0,,,1098.0
239,479.0,4743.0,1510.0,1373.0,,,1099.0
240,480.0,4744.0,1511.0,1375.0,,,1100.0
241,482.0,4745.0,1512.0,1376.0,,,1101.0
242,483.0,4746.0,1513.0,1381.0,,,1102.0
243,484.0,2699.0,1523.0,1386.0,,,1103.0
244,485.0,4747.0,1524.0,1388.0,,,1104.0
245,486.0,4748.0,1525.0,1390.0,,,1105.0
246,487.0,4749.0,1526.0,1392.0,,,1106.0
247,488.0,2703.0,1527.0,1394.0,,,1107.0
248,489.0,4750.0,1531.0,1396.0,,,1108.0
249,490.0,4751.0,1532.0,1402.0,,,1109.0
250,492.0,658.0,1536.0,1404.0,,,1110.0
251,493.0,2706.0,1539.0,1405.0,,,1111.0
252,494.0,2708.0,1541.0,1406.0,,,1112.0
253,495.0,4752.0,1542.0,1412.0,,,1113.0
254,496.0,4753.0,1545.0,1417.0,,,1114.0
255,497.0,4754.0,1558.0,1420.0,,,1115.0
256,498.0,4755.0,1559.0,1422.0,,,1116.0
257,500.0,667.0,1560.0,1423.0,,,1117.0
258,501.0,2718.0,1563.0,1425.0,,,1118.0
259,503.0,2720.0,1567.0,1428.0,,,1119.0
260,504.0,2721.0,1569.0,1431.0,,,1120.0
261,506.0,2723.0,1571.0,1432.0,,,1121.0
262,507.0,2726.0,1579.0,1433.0,,,1122.0
263,508.0,2727.0,1588.0,1434.0,,,1123.0
264,509.0,2728.0,1592.0,1442.0,,,1124.0
265,510.0,2733.0,1593.0,1447.0,,,1125.0
266,511.0,2736.0,1595.0,1449.0,,,1126.0
267,512.0,2737.0,1596.0,1450.0,,,1127.0
268,513.0,2738.0,1598.0,1452.0,,,1128.0
269,514.0,2739.0,1602.0,1454.0,,,1129.0
270,515.0,2740.0,1605.0,1463.0,,,1131.0
271,516.0,697.0,1606.0,1465.0,,,1132.0
272,517.0,2751.0,1609.0,1469.0,,,1133.0
273,518.0,2753.0,1612.0,1471.0,,,1134.0
274,519.0,2754.0,1614.0,1472.0,,,1135.0
275,520.0,2757.0,1618.0,1473.0,,,1136.0
276,521.0,2760.0,1619.0,1476.0,,,1137.0
277,523.0,713.0,1621.0,1477.0,,,1138.0
278,524.0,2766.0,1623.0,1478.0,,,1139.0
279,525.0,2768.0,1624.0,1489.0,,,1141.0
280,526.0,2770.0,1625.0,1490.0,,,1142.0
281,527.0,724.0,1626.0,1492.0,,,1143.0
282,528.0,725.0,1636.0,1493.0,,,1144.0
283,529.0,726.0,1638.0,1498.0,,,1145.0
284,530.0,2774.0,1641.0,1499.0,,,1147.0
285,531.0,2775.0,1648.0,1500.0,,,1148.0
286,532.0,2776.0,1649.0,1506.0,,,1149.0
287,534.0,2778.0,1651.0,1507.0,,,1150.0
288,535.0,731.0,1655.0,1509.0,,,1151.0
289,536.0,2780.0,1656.0,1514.0,,,1152.0
290,537.0,2786.0,1659.0,1518.0,,,1153.0
291,538.0,2787.0,1663.0,1519.0,,,1154.0
292,539.0,2790.0,1664.0,1520.0,,,1155.0
293,540.0,743.0,1666.0,1522.0,,,1156.0
294,541.0,2793.0,1670.0,1530.0,,,1157.0
295,542.0,748.0,1675.0,1535.0,,,1158.0
296,543.0,2797.0,1678.0,1537.0,,,1159.0
297,544.0,750.0,1680.0,1538.0,,,1160.0
298,546.0,752.0,1682.0,1540.0,,,1161.0
299,547.0,2800.0,1683.0,1548.0,,,1162.0
300,548.0,2804.0,1687.0,1550.0,,,1163.0
301,549.0,757.0,1695.0,1554.0,,,1164.0
302,550.0,2805.0,1698.0,1561.0,,,1165.0
303,551.0,760.0,1699.0,1575.0,,,1166.0
304,552.0,762.0,1705.0,1578.0,,,1168.0
305,553.0,765.0,1706.0,1582.0,,,1170.0
306,554.0,767.0,1711.0,1591.0,,,1171.0
307,555.0,2817.0,1715.0,1594.0,,,1172.0
308,556.0,770.0,1720.0,1601.0,,,1173.0
309,557.0,2818.0,1726.0,1630.0,,,1174.0
310,558.0,2821.0,1738.0,1633.0,,,1176.0
311,559.0,776.0,1740.0,1640.0,,,1177.0
312,560.0,777.0,1743.0,1642.0,,,1179.0
313,562.0,2825.0,1746.0,1647.0,,,1181.0
314,563.0,2826.0,1758.0,3697.0,,,1182.0
315,564.0,780.0,1763.0,1650.0,,,1183.0
316,565.0,2827.0,1767.0,3699.0,,,1184.0
317,566.0,2828.0,1768.0,1652.0,,,1185.0
318,567.0,2829.0,1775.0,1660.0,,,1186.0
319,568.0,2832.0,1777.0,3712.0,,,1189.0
320,569.0,785.0,1781.0,1665.0,,,1190.0
321,2614.0,787.0,1784.0,1669.0,,,1191.0
322,571.0,2835.0,1788.0,3719.0,,,1192.0
323,573.0,789.0,1798.0,1688.0,,,1195.0
324,574.0,790.0,1806.0,3741.0,,,1197.0
325,575.0,791.0,1816.0,3744.0,,,1198.0
326,576.0,792.0,1830.0,3746.0,,,1200.0
327,577.0,2837.0,1948.0,3747.0,,,1205.0
328,579.0,2839.0,1952.0,1708.0,,,1206.0
329,580.0,797.0,1953.0,3767.0,,,1207.0
330,581.0,2845.0,1968.0,3769.0,,,1209.0
331,582.0,799.0,1970.0,1722.0,,,1214.0
332,583.0,2848.0,1971.0,3777.0,,,1215.0
333,584.0,801.0,1976.0,1731.0,,,1218.0
334,585.0,802.0,1984.0,3783.0,,,1220.0
335,586.0,2849.0,1985.0,3786.0,,,1224.0
336,587.0,804.0,1987.0,3788.0,,,1225.0
337,588.0,2850.0,1990.0,3796.0,,,1274.0
338,589.0,2853.0,1992.0,3799.0,,,1275.0
339,590.0,2855.0,1994.0,3814.0,,,1277.0
340,591.0,808.0,1995.0,3818.0,,,1278.0
341,593.0,2858.0,2000.0,3825.0,,,1279.0
342,594.0,2859.0,2004.0,3830.0,,,1281.0
343,595.0,812.0,2005.0,3839.0,,,1282.0
344,596.0,813.0,2006.0,3850.0,,,1283.0
345,597.0,2860.0,2012.0,3852.0,,,1284.0
346,598.0,816.0,2014.0,3876.0,,,1286.0
347,599.0,2865.0,2016.0,3878.0,,,1287.0
348,600.0,2866.0,2021.0,3884.0,,,1288.0
349,601.0,820.0,2022.0,1837.0,,,1289.0
350,602.0,2868.0,2024.0,3885.0,,,1290.0
351,603.0,822.0,2026.0,3886.0,,,1291.0
352,604.0,2870.0,2027.0,3897.0,,,1292.0
353,605.0,2873.0,2028.0,3900.0,,,1293.0
354,606.0,826.0,2030.0,3910.0,,,1296.0
355,607.0,827.0,2032.0,3919.0,,,1297.0
356,608.0,828.0,2033.0,3924.0,,,1298.0
357,609.0,829.0,2035.0,3931.0,,,1299.0
358,2651.0,2875.0,2037.0,3932.0,,,1300.0
359,611.0,831.0,2039.0,3936.0,,,1304.0
360,612.0,2877.0,2041.0,3938.0,,,1306.0
361,613.0,833.0,2045.0,3940.0,,,1308.0
362,614.0,2878.0,2047.0,3941.0,,,1309.0
363,615.0,2883.0,,1898.0,,,1310.0
364,616.0,836.0,,3951.0,,,1312.0
365,617.0,838.0,,1904.0,,,1313.0
366,618.0,2887.0,,3961.0,,,1321.0
367,619.0,840.0,,3967.0,,,1323.0
368,620.0,2888.0,,1920.0,,,1326.0
369,2660.0,2891.0,,1929.0,,,1333.0
370,622.0,844.0,,3978.0,,,1338.0
371,623.0,2892.0,,3980.0,,,1344.0
372,624.0,846.0,,3988.0,,,1347.0
373,625.0,2893.0,,1941.0,,,1352.0
374,626.0,2896.0,,1944.0,,,1355.0
375,627.0,849.0,,3994.0,,,1358.0
376,628.0,2897.0,,3996.0,,,1367.0
377,629.0,2898.0,,1951.0,,,1395.0
378,630.0,852.0,,4003.0,,,1400.0
379,631.0,2899.0,,1957.0,,,1401.0
380,632.0,2900.0,,1960.0,,,1407.0
381,633.0,2902.0,,1961.0,,,1416.0
382,634.0,2903.0,,1963.0,,,1424.0
383,635.0,2904.0,,1965.0,,,1427.0
384,636.0,858.0,,4016.0,,,1429.0
385,637.0,2905.0,,1972.0,,,1430.0
386,638.0,860.0,,1974.0,,,1436.0
387,639.0,2907.0,,4022.0,,,1448.0
388,640.0,2909.0,,4024.0,,,1466.0
389,641.0,2911.0,,1981.0,,,1468.0
390,642.0,864.0,,4033.0,,,1495.0
391,643.0,865.0,,4034.0,,,1517.0
392,644.0,2912.0,,4037.0,,,1577.0
393,645.0,2913.0,,1991.0,,,1587.0
394,646.0,2914.0,,1993.0,,,1875.0
395,647.0,2915.0,,4042.0,,,1876.0
396,648.0,870.0,,1997.0,,,1877.0
397,649.0,2916.0,,2001.0,,,1878.0
398,650.0,2919.0,,4049.0,,,1879.0
399,651.0,2921.0,,4051.0,,,1880.0
400,652.0,874.0,,4055.0,,,1883.0
401,653.0,2923.0,,2008.0,,,1884.0
402,654.0,876.0,,2009.0,,,1885.0
403,655.0,2924.0,,2017.0,,,1886.0
404,656.0,2925.0,,2018.0,,,1887.0
405,657.0,2926.0,,2019.0,,,1889.0
406,4608.0,881.0,,2023.0,,,1890.0
407,659.0,882.0,,4075.0,,,1891.0
408,660.0,2930.0,,2029.0,,,1892.0
409,661.0,884.0,,4078.0,,,1893.0
410,662.0,2932.0,,4081.0,,,1894.0
411,663.0,886.0,,4084.0,,,1895.0
412,664.0,887.0,,4085.0,,,1897.0
413,665.0,2933.0,,2038.0,,,1899.0
414,666.0,889.0,,2040.0,,,1900.0
415,668.0,2934.0,,2042.0,,,1901.0
416,669.0,2935.0,,2043.0,,,1902.0
417,670.0,2936.0,,2044.0,,,1903.0
418,781.0,2937.0,,4094.0,,,1906.0
419,783.0,2938.0,,,,,1908.0
420,803.0,2939.0,,,,,1909.0
421,824.0,2940.0,,,,,1910.0
422,837.0,2943.0,,,,,1911.0
423,841.0,898.0,,,,,1912.0
424,850.0,2945.0,,,,,1913.0
425,855.0,2947.0,,,,,1915.0
426,867.0,901.0,,,,,1916.0
427,877.0,902.0,,,,,1917.0
428,883.0,903.0,,,,,1918.0
429,891.0,2948.0,,,,,1919.0
430,895.0,905.0,,,,,1922.0
431,906.0,2949.0,,,,,1923.0
432,911.0,907.0,,,,,1924.0
433,918.0,2950.0,,,,,1925.0
434,919.0,2952.0,,,,,1926.0
435,928.0,910.0,,,,,1927.0
436,930.0,2954.0,,,,,1928.0
437,934.0,2956.0,,,,,1931.0
438,935.0,913.0,,,,,1933.0
439,938.0,2959.0,,,,,1934.0
440,942.0,915.0,,,,,1936.0
441,945.0,2960.0,,,,,1942.0
442,946.0,2962.0,,,,,1943.0
443,948.0,2964.0,,,,,1945.0
444,949.0,2965.0,,,,,1950.0
445,952.0,2966.0,,,,,1954.0
446,954.0,2967.0,,,,,1955.0
447,955.0,2968.0,,,,,1958.0
448,956.0,2970.0,,,,,1967.0
449,957.0,924.0,,,,,1969.0
450,958.0,2971.0,,,,,1973.0
451,959.0,926.0,,,,,1978.0
452,961.0,927.0,,,,,1983.0
453,964.0,2972.0,,,,,1986.0
454,965.0,2973.0,,,,,2010.0
455,966.0,2974.0,,,,,2013.0
456,967.0,931.0,,,,,2015.0
457,968.0,2975.0,,,,,2150.0
458,969.0,2976.0,,,,,2151.0
459,970.0,2977.0,,,,,2152.0
460,971.0,2978.0,,,,,2153.0
461,972.0,2979.0,,,,,2154.0
462,973.0,2981.0,,,,,2155.0
463,974.0,2983.0,,,,,2156.0
464,976.0,2984.0,,,,,2157.0
465,977.0,2985.0,,,,,2158.0
466,2645.0,941.0,,,,,2159.0
467,2654.0,2987.0,,,,,2160.0
468,2655.0,943.0,,,,,2161.0
469,2656.0,2988.0,,,,,2162.0
470,2657.0,2990.0,,,,,2163.0
471,2662.0,2991.0,,,,,2164.0
472,2664.0,2994.0,,,,,2165.0
473,2668.0,2995.0,,,,,2166.0
474,2669.0,2996.0,,,,,2167.0
475,2670.0,951.0,,,,,2168.0
476,2671.0,2999.0,,,,,2169.0
477,1232.0,3001.0,,,,,2170.0
478,1239.0,3002.0,,,,,2171.0
479,1243.0,3003.0,,,,,2172.0
480,1245.0,3004.0,,,,,2173.0
481,1249.0,3005.0,,,,,2174.0
482,1252.0,3006.0,,,,,2175.0
483,1256.0,3007.0,,,,,2176.0
484,1258.0,3008.0,,,,,2177.0
485,1266.0,3009.0,,,,,2178.0
486,1268.0,3010.0,,,,,2179.0
487,1269.0,963.0,,,,,2180.0
488,1270.0,3011.0,,,,,2181.0
489,1271.0,3012.0,,,,,2182.0
490,1272.0,3013.0,,,,,2183.0
491,1353.0,3014.0,,,,,2184.0
492,1356.0,3015.0,,,,,2185.0
493,1384.0,3016.0,,,,,2186.0
494,1391.0,3017.0,,,,,2187.0
495,1398.0,3019.0,,,,,2188.0
496,1411.0,3020.0,,,,,2189.0
497,1440.0,3021.0,,,,,2190.0
498,1475.0,3022.0,,,,,2191.0
499,1483.0,975.0,,,,,2192.0
500,1485.0,3023.0,,,,,2193.0
501,1496.0,3024.0,,,,,2194.0
502,1505.0,978.0,,,,,2195.0
503,1528.0,3025.0,,,,,2196.0
504,1529.0,3026.0,,,,,2197.0
505,1534.0,3027.0,,,,,2198.0
506,1543.0,3028.0,,,,,2199.0
507,1546.0,3029.0,,,,,2200.0
508,1547.0,3030.0,,,,,2201.0
509,1549.0,3031.0,,,,,2203.0
510,1553.0,3032.0,,,,,2204.0
511,1555.0,3033.0,,,,,2205.0
512,1556.0,3034.0,,,,,2206.0
513,1564.0,3035.0,,,,,2207.0
514,1565.0,3036.0,,,,,2208.0
515,1566.0,3037.0,,,,,2209.0
516,1568.0,3038.0,,,,,2210.0
517,1573.0,3039.0,,,,,2211.0
518,1574.0,3041.0,,,,,2212.0
519,1576.0,3042.0,,,,,2213.0
520,1580.0,3043.0,,,,,2214.0
521,1581.0,3044.0,,,,,2215.0
522,1583.0,3045.0,,,,,2216.0
523,1584.0,3046.0,,,,,2217.0
524,1585.0,3047.0,,,,,2218.0
525,1586.0,3048.0,,,,,2219.0
526,1590.0,3049.0,,,,,2220.0
527,1597.0,3050.0,,,,,2221.0
528,1600.0,3051.0,,,,,2222.0
529,1604.0,3052.0,,,,,2223.0
530,1607.0,3053.0,,,,,2224.0
531,1608.0,3054.0,,,,,2225.0
532,1610.0,3055.0,,,,,2226.0
533,1613.0,3056.0,,,,,2227.0
534,1615.0,3057.0,,,,,2228.0
535,1617.0,3058.0,,,,,2229.0
536,1620.0,3059.0,,,,,2230.0
537,1622.0,3060.0,,,,,2231.0
538,1627.0,3061.0,,,,,2232.0
539,1628.0,3062.0,,,,,2233.0
540,1629.0,3063.0,,,,,2234.0
541,1631.0,3064.0,,,,,2235.0
542,1632.0,3065.0,,,,,2236.0
543,1634.0,3066.0,,,,,2237.0
544,1635.0,3067.0,,,,,2238.0
545,1639.0,3068.0,,,,,2240.0
546,1643.0,3069.0,,,,,2241.0
547,1644.0,3070.0,,,,,2242.0
548,1645.0,3071.0,,,,,2243.0
549,1646.0,3072.0,,,,,2244.0
550,1653.0,3073.0,,,,,2245.0
551,1654.0,3074.0,,,,,2246.0
552,1657.0,3075.0,,,,,2247.0
553,1658.0,3076.0,,,,,2248.0
554,1661.0,3077.0,,,,,2249.0
555,1662.0,3079.0,,,,,2250.0
556,1667.0,3080.0,,,,,2251.0
557,1668.0,3081.0,,,,,2252.0
558,1671.0,3082.0,,,,,2253.0
559,1672.0,3083.0,,,,,2255.0
560,1673.0,3084.0,,,,,2256.0
561,1674.0,3085.0,,,,,2257.0
562,1677.0,3086.0,,,,,2258.0
563,1679.0,3089.0,,,,,2260.0
564,1681.0,3090.0,,,,,2261.0
565,1684.0,3091.0,,,,,2262.0
566,1685.0,3092.0,,,,,2263.0
567,1686.0,3093.0,,,,,2264.0
568,1689.0,3094.0,,,,,2265.0
569,1690.0,3095.0,,,,,2266.0
570,1691.0,3096.0,,,,,2267.0
571,1692.0,3097.0,,,,,2269.0
572,1693.0,3098.0,,,,,2270.0
573,1694.0,3099.0,,,,,2271.0
574,1696.0,3100.0,,,,,2272.0
575,1697.0,3101.0,,,,,2273.0
576,1700.0,3102.0,,,,,2274.0
577,1701.0,3103.0,,,,,2275.0
578,1702.0,3104.0,,,,,2276.0
579,1704.0,3105.0,,,,,2277.0
580,1707.0,3106.0,,,,,2278.0
581,1709.0,3107.0,,,,,2279.0
582,1710.0,3108.0,,,,,2280.0
583,1712.0,3109.0,,,,,2281.0
584,1713.0,3110.0,,,,,2282.0
585,1716.0,3111.0,,,,,2283.0
586,1717.0,1095.0,,,,,2284.0
587,1718.0,1130.0,,,,,2287.0
588,1719.0,1140.0,,,,,2288.0
589,1723.0,1146.0,,,,,2290.0
590,1724.0,1167.0,,,,,2291.0
591,1725.0,1169.0,,,,,2292.0
592,1727.0,1175.0,,,,,2293.0
593,1728.0,1178.0,,,,,2294.0
594,1729.0,1187.0,,,,,2296.0
595,1730.0,1193.0,,,,,2297.0
596,1734.0,1194.0,,,,,2298.0
597,1735.0,3241.0,,,,,2299.0
598,1736.0,3247.0,,,,,2300.0
599,1737.0,1201.0,,,,,2301.0
600,1741.0,1202.0,,,,,2303.0
601,1742.0,1203.0,,,,,2304.0
602,1744.0,3250.0,,,,,2305.0
603,1745.0,3256.0,,,,,2306.0
604,1747.0,3257.0,,,,,2307.0
605,1748.0,1210.0,,,,,2308.0
606,1749.0,1211.0,,,,,2309.0
607,1750.0,1212.0,,,,,2310.0
608,1751.0,1213.0,,,,,2311.0
609,1752.0,3260.0,,,,,2313.0
610,1753.0,3261.0,,,,,2315.0
611,1754.0,1216.0,,,,,2317.0
612,1756.0,3266.0,,,,,2318.0
613,1757.0,1219.0,,,,,2319.0
614,1759.0,3267.0,,,,,2321.0
615,1760.0,1222.0,,,,,2322.0
616,1761.0,3274.0,,,,,2323.0
617,1762.0,3277.0,,,,,2324.0
618,1764.0,1231.0,,,,,2325.0
619,1765.0,1233.0,,,,,2327.0
620,1766.0,3281.0,,,,,2328.0
621,1769.0,1235.0,,,,,2329.0
622,1770.0,3284.0,,,,,2330.0
623,1771.0,1237.0,,,,,2331.0
624,1772.0,3285.0,,,,,2334.0
625,1773.0,3286.0,,,,,2335.0
626,1774.0,1240.0,,,,,2338.0
627,1776.0,1241.0,,,,,2339.0
628,1778.0,1242.0,,,,,2340.0
629,1779.0,3288.0,,,,,2342.0
630,1780.0,3289.0,,,,,2344.0
631,1782.0,3291.0,,,,,2345.0
632,1783.0,1246.0,,,,,2346.0
633,1785.0,1247.0,,,,,2347.0
634,1786.0,3293.0,,,,,2350.0
635,1787.0,3294.0,,,,,2351.0
636,1789.0,3295.0,,,,,2352.0
637,1790.0,1251.0,,,,,2353.0
638,1791.0,3297.0,,,,,2354.0
639,1792.0,1253.0,,,,,2356.0
640,1793.0,3299.0,,,,,2359.0
641,1794.0,3300.0,,,,,2360.0
642,1796.0,3301.0,,,,,2361.0
643,1797.0,3364.0,,,,,2363.0
644,1799.0,1317.0,,,,,2365.0
645,1800.0,3369.0,,,,,2366.0
646,1801.0,1322.0,,,,,2367.0
647,1802.0,3373.0,,,,,2368.0
648,1803.0,3376.0,,,,,2369.0
649,1804.0,3378.0,,,,,2370.0
650,1805.0,3385.0,,,,,2371.0
651,1807.0,3386.0,,,,,2381.0
652,1808.0,3389.0,,,,,2382.0
653,1809.0,1342.0,,,,,2383.0
654,1810.0,1343.0,,,,,2384.0
655,1811.0,3390.0,,,,,2386.0
656,1812.0,3392.0,,,,,2387.0
657,1813.0,3394.0,,,,,2388.0
658,1814.0,3395.0,,,,,2389.0
659,1815.0,3396.0,,,,,2390.0
660,1817.0,3397.0,,,,,2391.0
661,1818.0,3398.0,,,,,2393.0
662,1819.0,1351.0,,,,,2400.0
663,1820.0,3399.0,,,,,2401.0
664,1821.0,3400.0,,,,,2402.0
665,1822.0,3401.0,,,,,2408.0
666,1823.0,3403.0,,,,,2410.0
667,1824.0,3404.0,,,,,2417.0
668,1825.0,1357.0,,,,,2418.0
669,1826.0,3405.0,,,,,2422.0
670,1827.0,3406.0,,,,,2426.0
671,1828.0,3407.0,,,,,2427.0
672,1829.0,3409.0,,,,,2438.0
673,1831.0,1366.0,,,,,2442.0
674,1832.0,1372.0,,,,,2445.0
675,1833.0,1374.0,,,,,2454.0
676,1834.0,1377.0,,,,,2492.0
677,1835.0,1379.0,,,,,2493.0
678,1836.0,1380.0,,,,,2494.0
679,1839.0,1382.0,,,,,2495.0
680,1840.0,1387.0,,,,,2496.0
681,1841.0,1389.0,,,,,2497.0
682,1842.0,1393.0,,,,,2498.0
683,1843.0,3446.0,,,,,2499.0
684,1844.0,3447.0,,,,,2500.0
685,1845.0,3448.0,,,,,2501.0
686,1846.0,3454.0,,,,,2502.0
687,1847.0,1408.0,,,,,2503.0
688,1848.0,1410.0,,,,,2504.0
689,1849.0,1413.0,,,,,2505.0
690,1850.0,1414.0,,,,,2506.0
691,1853.0,1426.0,,,,,2507.0
692,1854.0,1444.0,,,,,2508.0
693,1856.0,1445.0,,,,,2509.0
694,1857.0,1446.0,,,,,2510.0
695,1858.0,1456.0,,,,,2511.0
696,1859.0,1460.0,,,,,2512.0
697,1861.0,1467.0,,,,,2513.0
698,1862.0,1481.0,,,,,2514.0
699,1863.0,1482.0,,,,,2515.0
700,1864.0,1487.0,,,,,2516.0
701,1865.0,1491.0,,,,,2517.0
702,1866.0,1497.0,,,,,2518.0
703,1868.0,1502.0,,,,,2519.0
704,1870.0,1515.0,,,,,2521.0
705,3995.0,1516.0,,,,,2523.0
706,1949.0,1551.0,,,,,2525.0
707,4023.0,1557.0,,,,,2528.0
708,1998.0,1562.0,,,,,2529.0
709,2007.0,1572.0,,,,,2530.0
710,2011.0,1589.0,,,,,2531.0
711,2025.0,1599.0,,,,,2532.0
712,2031.0,3649.0,,,,,2534.0
713,2034.0,1603.0,,,,,2535.0
714,2036.0,1611.0,,,,,2536.0
715,4090.0,1616.0,,,,,2537.0
716,,1637.0,,,,,2538.0
717,,3705.0,,,,,2539.0
718,,3707.0,,,,,2542.0
719,,3713.0,,,,,2543.0
720,,3717.0,,,,,2546.0
721,,3723.0,,,,,2548.0
722,,1676.0,,,,,2551.0
723,,3728.0,,,,,2552.0
724,,3730.0,,,,,2554.0
725,,3735.0,,,,,2557.0
726,,3742.0,,,,,2558.0
727,,1703.0,,,,,2559.0
728,,3753.0,,,,,2560.0
729,,3757.0,,,,,2561.0
730,,3760.0,,,,,2562.0
731,,1714.0,,,,,2563.0
732,,1721.0,,,,,2565.0
733,,3772.0,,,,,2566.0
734,,3773.0,,,,,2567.0
735,,3775.0,,,,,2570.0
736,,1732.0,,,,,2571.0
737,,1733.0,,,,,2573.0
738,,3781.0,,,,,2577.0
739,,3784.0,,,,,2578.0
740,,1739.0,,,,,2580.0
741,,3789.0,,,,,2581.0
742,,3791.0,,,,,2593.0
743,,3792.0,,,,,2595.0
744,,3793.0,,,,,2596.0
745,,3794.0,,,,,2597.0
746,,3798.0,,,,,2598.0
747,,1755.0,,,,,2601.0
748,,3810.0,,,,,2621.0
749,,3826.0,,,,,2629.0
750,,3829.0,,,,,2636.0
751,,3838.0,,,,,2673.0
752,,3842.0,,,,,2674.0
753,,1795.0,,,,,2675.0
754,,3844.0,,,,,2676.0
755,,3846.0,,,,,2677.0
756,,3848.0,,,,,2678.0
757,,3849.0,,,,,2679.0
758,,3851.0,,,,,2680.0
759,,3853.0,,,,,2681.0
760,,3854.0,,,,,2682.0
761,,3855.0,,,,,2683.0
762,,3857.0,,,,,2684.0
763,,3858.0,,,,,2685.0
764,,3863.0,,,,,2686.0
765,,3865.0,,,,,2687.0
766,,3867.0,,,,,2688.0
767,,3872.0,,,,,2689.0
768,,3875.0,,,,,2691.0
769,,3877.0,,,,,2692.0
770,,3882.0,,,,,2693.0
771,,3883.0,,,,,2694.0
772,,1838.0,,,,,2695.0
773,,3887.0,,,,,2696.0
774,,3888.0,,,,,2697.0
775,,3889.0,,,,,2698.0
776,,3890.0,,,,,2700.0
777,,3891.0,,,,,2701.0
778,,3892.0,,,,,2702.0
779,,3894.0,,,,,2704.0
780,,1851.0,,,,,2705.0
781,,1852.0,,,,,2707.0
782,,3901.0,,,,,2709.0
783,,1855.0,,,,,2710.0
784,,3904.0,,,,,2711.0
785,,3906.0,,,,,2712.0
786,,3907.0,,,,,2713.0
787,,1860.0,,,,,2714.0
788,,3908.0,,,,,2715.0
789,,3909.0,,,,,2716.0
790,,1867.0,,,,,2717.0
791,,3916.0,,,,,2719.0
792,,1869.0,,,,,2722.0
793,,1871.0,,,,,2724.0
794,,1872.0,,,,,2725.0
795,,1873.0,,,,,2729.0
796,,1874.0,,,,,2730.0
797,,3923.0,,,,,2731.0
798,,3926.0,,,,,2732.0
799,,3927.0,,,,,2734.0
800,,3930.0,,,,,2735.0
801,,3934.0,,,,,2741.0
802,,3942.0,,,,,2742.0
803,,3948.0,,,,,2743.0
804,,3949.0,,,,,2744.0
805,,3950.0,,,,,2745.0
806,,3952.0,,,,,2746.0
807,,3953.0,,,,,2747.0
808,,3954.0,,,,,2748.0
809,,3955.0,,,,,2749.0
810,,3957.0,,,,,2750.0
811,,3958.0,,,,,2752.0
812,,3959.0,,,,,2755.0
813,,3960.0,,,,,2756.0
814,,1914.0,,,,,2758.0
815,,3962.0,,,,,2759.0
816,,3963.0,,,,,2761.0
817,,3966.0,,,,,2762.0
818,,3968.0,,,,,2763.0
819,,3969.0,,,,,2764.0
820,,3970.0,,,,,2765.0
821,,3971.0,,,,,2767.0
822,,3972.0,,,,,2769.0
823,,3973.0,,,,,2771.0
824,,3974.0,,,,,2772.0
825,,3975.0,,,,,2773.0
826,,3976.0,,,,,2777.0
827,,3977.0,,,,,2779.0
828,,3981.0,,,,,2781.0
829,,3982.0,,,,,2782.0
830,,3983.0,,,,,2783.0
831,,3984.0,,,,,2784.0
832,,3987.0,,,,,2785.0
833,,3989.0,,,,,2788.0
834,,3997.0,,,,,2789.0
835,,3999.0,,,,,2791.0
836,,4001.0,,,,,2792.0
837,,4004.0,,,,,2794.0
838,,4005.0,,,,,2795.0
839,,4006.0,,,,,2796.0
840,,4007.0,,,,,2798.0
841,,4008.0,,,,,2799.0
842,,4010.0,,,,,2801.0
843,,4012.0,,,,,2802.0
844,,4014.0,,,,,2803.0
845,,4018.0,,,,,2806.0
846,,4019.0,,,,,2807.0
847,,4020.0,,,,,2808.0
848,,1975.0,,,,,2809.0
849,,4026.0,,,,,2810.0
850,,4027.0,,,,,2811.0
851,,4029.0,,,,,2812.0
852,,4030.0,,,,,2813.0
853,,4031.0,,,,,2814.0
854,,4032.0,,,,,2815.0
855,,1989.0,,,,,2816.0
856,,4038.0,,,,,2819.0
857,,4039.0,,,,,2820.0
858,,4044.0,,,,,2822.0
859,,4045.0,,,,,2823.0
860,,4046.0,,,,,2824.0
861,,4048.0,,,,,2830.0
862,,2002.0,,,,,2831.0
863,,4050.0,,,,,2833.0
864,,4052.0,,,,,2834.0
865,,4054.0,,,,,2836.0
866,,4056.0,,,,,2838.0
867,,4057.0,,,,,2840.0
868,,4060.0,,,,,2841.0
869,,4061.0,,,,,2842.0
870,,4062.0,,,,,2843.0
871,,4063.0,,,,,2844.0
872,,4066.0,,,,,2846.0
873,,4067.0,,,,,2847.0
874,,2020.0,,,,,2851.0
875,,4068.0,,,,,2852.0
876,,4070.0,,,,,2854.0
877,,4076.0,,,,,2856.0
878,,4077.0,,,,,2857.0
879,,4079.0,,,,,2861.0
880,,4080.0,,,,,2862.0
881,,4082.0,,,,,2863.0
882,,4086.0,,,,,2864.0
883,,4089.0,,,,,2867.0
884,,4093.0,,,,,2869.0
885,,2046.0,,,,,2871.0
886,,,,,,,2872.0
887,,,,,,,2874.0
888,,,,,,,2876.0
889,,,,,,,2879.0
890,,,,,,,2880.0
891,,,,,,,2881.0
892,,,,,,,2882.0
893,,,,,,,2884.0
894,,,,,,,2885.0
895,,,,,,,2886.0
896,,,,,,,2889.0
897,,,,,,,2890.0
898,,,,,,,2894.0
899,,,,,,,2895.0
900,,,,,,,2901.0
901,,,,,,,2906.0
902,,,,,,,2908.0
903,,,,,,,2910.0
904,,,,,,,2917.0
905,,,,,,,2918.0
906,,,,,,,2920.0
907,,,,,,,2922.0
908,,,,,,,2927.0
909,,,,,,,2928.0
910,,,,,,,2929.0
911,,,,,,,2931.0
912,,,,,,,2941.0
913,,,,,,,2942.0
914,,,,,,,2944.0
915,,,,,,,2946.0
916,,,,,,,2951.0
917,,,,,,,2953.0
918,,,,,,,2955.0
919,,,,,,,2957.0
920,,,,,,,2958.0
921,,,,,,,2961.0
922,,,,,,,2963.0
923,,,,,,,2969.0
924,,,,,,,2980.0
925,,,,,,,2982.0
926,,,,,,,2986.0
927,,,,,,,2989.0
928,,,,,,,2992.0
929,,,,,,,2993.0
930,,,,,,,2997.0
931,,,,,,,2998.0
932,,,,,,,3000.0
933,,,,,,,3018.0
934,,,,,,,3040.0
935,,,,,,,3078.0
936,,,,,,,3087.0
937,,,,,,,3088.0
938,,,,,,,3112.0
939,,,,,,,3113.0
940,,,,,,,3114.0
941,,,,,,,3115.0
942,,,,,,,3116.0
943,,,,,,,3117.0
944,,,,,,,3118.0
945,,,,,,,3119.0
946,,,,,,,3120.0
947,,,,,,,3121.0
948,,,,,,,3122.0
949,,,,,,,3123.0
950,,,,,,,3124.0
951,,,,,,,3125.0
952,,,,,,,3126.0
953,,,,,,,3127.0
954,,,,,,,3128.0
955,,,,,,,3129.0
956,,,,,,,3130.0
957,,,,,,,3131.0
958,,,,,,,3132.0
959,,,,,,,3133.0
960,,,,,,,3134.0
961,,,,,,,3135.0
962,,,,,,,3136.0
963,,,,,,,3137.0
964,,,,,,,3138.0
965,,,,,,,3139.0
966,,,,,,,3140.0
967,,,,,,,3141.0
968,,,,,,,3142.0
969,,,,,,,3143.0
970,,,,,,,3144.0
971,,,,,,,3145.0
972,,,,,,,3146.0
973,,,,,,,3147.0
974,,,,,,,3148.0
975,,,,,,,3149.0
976,,,,,,,3150.0
977,,,,,,,3151.0
978,,,,,,,3152.0
979,,,,,,,3153.0
980,,,,,,,3154.0
981,,,,,,,3155.0
982,,,,,,,3156.0
983,,,,,,,3157.0
984,,,,,,,3158.0
985,,,,,,,3159.0
986,,,,,,,3160.0
987,,,,,,,3161.0
988,,,,,,,3162.0
989,,,,,,,3163.0
990,,,,,,,3164.0
991,,,,,,,3165.0
992,,,,,,,3166.0
993,,,,,,,3167.0
994,,,,,,,3168.0
995,,,,,,,3169.0
996,,,,,,,3170.0
997,,,,,,,3171.0
998,,,,,,,3172.0
999,,,,,,,3173.0
1000,,,,,,,3174.0
1001,,,,,,,3175.0
1002,,,,,,,3176.0
1003,,,,,,,3177.0
1004,,,,,,,3178.0
1005,,,,,,,3179.0
1006,,,,,,,3180.0
1007,,,,,,,3181.0
1008,,,,,,,3182.0
1009,,,,,,,3183.0
1010,,,,,,,3184.0
1011,,,,,,,3185.0
1012,,,,,,,3186.0
1013,,,,,,,3187.0
1014,,,,,,,3188.0
1015,,,,,,,3189.0
1016,,,,,,,3190.0
1017,,,,,,,3191.0
1018,,,,,,,3192.0
1019,,,,,,,3193.0
1020,,,,,,,3194.0
1021,,,,,,,3195.0
1022,,,,,,,3196.0
1023,,,,,,,3197.0
1024,,,,,,,3198.0
1025,,,,,,,3199.0
1026,,,,,,,3200.0
1027,,,,,,,3201.0
1028,,,,,,,3202.0
1029,,,,,,,3203.0
1030,,,,,,,3204.0
1031,,,,,,,3205.0
1032,,,,,,,3206.0
1033,,,,,,,3207.0
1034,,,,,,,3208.0
1035,,,,,,,3209.0
1036,,,,,,,3210.0
1037,,,,,,,3211.0
1038,,,,,,,3212.0
1039,,,,,,,3213.0
1040,,,,,,,3214.0
1041,,,,,,,3215.0
1042,,,,,,,3216.0
1043,,,,,,,3217.0
1044,,,,,,,3218.0
1045,,,,,,,3219.0
1046,,,,,,,3220.0
1047,,,,,,,3221.0
1048,,,,,,,3222.0
1049,,,,,,,3223.0
1050,,,,,,,3224.0
1051,,,,,,,3225.0
1052,,,,,,,3226.0
1053,,,,,,,3227.0
1054,,,,,,,3228.0
1055,,,,,,,3229.0
1056,,,,,,,3230.0
1057,,,,,,,3231.0
1058,,,,,,,3232.0
1059,,,,,,,3233.0
1060,,,,,,,3234.0
1061,,,,,,,3235.0
1062,,,,,,,3236.0
1063,,,,,,,3237.0
1064,,,,,,,3238.0
1065,,,,,,,3239.0
1066,,,,,,,3240.0
1067,,,,,,,3242.0
1068,,,,,,,3243.0
1069,,,,,,,3244.0
1070,,,,,,,3245.0
1071,,,,,,,3246.0
1072,,,,,,,3248.0
1073,,,,,,,3249.0
1074,,,,,,,3251.0
1075,,,,,,,3252.0
1076,,,,,,,3253.0
1077,,,,,,,3254.0
1078,,,,,,,3255.0
1079,,,,,,,3258.0
1080,,,,,,,3259.0
1081,,,,,,,3262.0
1082,,,,,,,3263.0
1083,,,,,,,3264.0
1084,,,,,,,3265.0
1085,,,,,,,3268.0
1086,,,,,,,3269.0
1087,,,,,,,3270.0
1088,,,,,,,3271.0
1089,,,,,,,3272.0
1090,,,,,,,3273.0
1091,,,,,,,3275.0
1092,,,,,,,3276.0
1093,,,,,,,3278.0
1094,,,,,,,3279.0
1095,,,,,,,3280.0
1096,,,,,,,3282.0
1097,,,,,,,3283.0
1098,,,,,,,3287.0
1099,,,,,,,3290.0
1100,,,,,,,3292.0
1101,,,,,,,3296.0
1102,,,,,,,3298.0
1103,,,,,,,3302.0
1104,,,,,,,3303.0
1105,,,,,,,3304.0
1106,,,,,,,3305.0
1107,,,,,,,3306.0
1108,,,,,,,3307.0
1109,,,,,,,3308.0
1110,,,,,,,3309.0
1111,,,,,,,3310.0
1112,,,,,,,3311.0
1113,,,,,,,3312.0
1114,,,,,,,3313.0
1115,,,,,,,3314.0
1116,,,,,,,3315.0
1117,,,,,,,3316.0
1118,,,,,,,3317.0
1119,,,,,,,3318.0
1120,,,,,,,3319.0
1121,,,,,,,3320.0
1122,,,,,,,3321.0
1123,,,,,,,3322.0
1124,,,,,,,3323.0
1125,,,,,,,3324.0
1126,,,,,,,3325.0
1127,,,,,,,3326.0
1128,,,,,,,3327.0
1129,,,,,,,3328.0
1130,,,,,,,3329.0
1131,,,,,,,3330.0
1132,,,,,,,3331.0
1133,,,,,,,3332.0
1134,,,,,,,3333.0
1135,,,,,,,3334.0
1136,,,,,,,3335.0
1137,,,,,,,3336.0
1138,,,,,,,3337.0
1139,,,,,,,3338.0
1140,,,,,,,3339.0
1141,,,,,,,3340.0
1142,,,,,,,3341.0
1143,,,,,,,3342.0
1144,,,,,,,3343.0
1145,,,,,,,3344.0
1146,,,,,,,3345.0
1147,,,,,,,3346.0
1148,,,,,,,3347.0
1149,,,,,,,3348.0
1150,,,,,,,3349.0
1151,,,,,,,3350.0
1152,,,,,,,3351.0
1153,,,,,,,3352.0
1154,,,,,,,3353.0
1155,,,,,,,3354.0
1156,,,,,,,3355.0
1157,,,,,,,3356.0
1158,,,,,,,3357.0
1159,,,,,,,3358.0
1160,,,,,,,3359.0
1161,,,,,,,3360.0
1162,,,,,,,3361.0
1163,,,,,,,3362.0
1164,,,,,,,3363.0
1165,,,,,,,3365.0
1166,,,,,,,3366.0
1167,,,,,,,3367.0
1168,,,,,,,3368.0
1169,,,,,,,3370.0
1170,,,,,,,3371.0
1171,,,,,,,3372.0
1172,,,,,,,3374.0
1173,,,,,,,3375.0
1174,,,,,,,3377.0
1175,,,,,,,3379.0
1176,,,,,,,3380.0
1177,,,,,,,3381.0
1178,,,,,,,3382.0
1179,,,,,,,3383.0
1180,,,,,,,3384.0
1181,,,,,,,3387.0
1182,,,,,,,3388.0
1183,,,,,,,3391.0
1184,,,,,,,3393.0
1185,,,,,,,3402.0
1186,,,,,,,3408.0
1187,,,,,,,3410.0
1188,,,,,,,3411.0
1189,,,,,,,3412.0
1190,,,,,,,3413.0
1191,,,,,,,3414.0
1192,,,,,,,3415.0
1193,,,,,,,3416.0
1194,,,,,,,3417.0
1195,,,,,,,3418.0
1196,,,,,,,3419.0
1197,,,,,,,3420.0
1198,,,,,,,3421.0
1199,,,,,,,3422.0
1200,,,,,,,3423.0
1201,,,,,,,3424.0
1202,,,,,,,3425.0
1203,,,,,,,3426.0
1204,,,,,,,3427.0
1205,,,,,,,3428.0
1206,,,,,,,3429.0
1207,,,,,,,3430.0
1208,,,,,,,3431.0
1209,,,,,,,3432.0
1210,,,,,,,3433.0
1211,,,,,,,3434.0
1212,,,,,,,3435.0
1213,,,,,,,3436.0
1214,,,,,,,3437.0
1215,,,,,,,3438.0
1216,,,,,,,3439.0
1217,,,,,,,3440.0
1218,,,,,,,3441.0
1219,,,,,,,3442.0
1220,,,,,,,3443.0
1221,,,,,,,3444.0
1222,,,,,,,3445.0
1223,,,,,,,3449.0
1224,,,,,,,3450.0
1225,,,,,,,3451.0
1226,,,,,,,3452.0
1227,,,,,,,3453.0
1228,,,,,,,3455.0
1229,,,,,,,3456.0
1230,,,,,,,3457.0
1231,,,,,,,3458.0
1232,,,,,,,3459.0
1233,,,,,,,3460.0
1234,,,,,,,3461.0
1235,,,,,,,3462.0
1236,,,,,,,3463.0
1237,,,,,,,3464.0
1238,,,,,,,3465.0
1239,,,,,,,3466.0
1240,,,,,,,3467.0
1241,,,,,,,3468.0
1242,,,,,,,3469.0
1243,,,,,,,3470.0
1244,,,,,,,3471.0
1245,,,,,,,3472.0
1246,,,,,,,3473.0
1247,,,,,,,3474.0
1248,,,,,,,3475.0
1249,,,,,,,3476.0
1250,,,,,,,3477.0
1251,,,,,,,3478.0
1252,,,,,,,3479.0
1253,,,,,,,3480.0
1254,,,,,,,3481.0
1255,,,,,,,3482.0
1256,,,,,,,3483.0
1257,,,,,,,3484.0
1258,,,,,,,3485.0
1259,,,,,,,3486.0
1260,,,,,,,3487.0
1261,,,,,,,3488.0
1262,,,,,,,3489.0
1263,,,,,,,3490.0
1264,,,,,,,3491.0
1265,,,,,,,3492.0
1266,,,,,,,3493.0
1267,,,,,,,3494.0
1268,,,,,,,3495.0
1269,,,,,,,3496.0
1270,,,,,,,3497.0
1271,,,,,,,3498.0
1272,,,,,,,3499.0
1273,,,,,,,3500.0
1274,,,,,,,3501.0
1275,,,,,,,3502.0
1276,,,,,,,3503.0
1277,,,,,,,3504.0
1278,,,,,,,3505.0
1279,,,,,,,3506.0
1280,,,,,,,3507.0
1281,,,,,,,3508.0
1282,,,,,,,3509.0
1283,,,,,,,3510.0
1284,,,,,,,3511.0
1285,,,,,,,3512.0
1286,,,,,,,3513.0
1287,,,,,,,3514.0
1288,,,,,,,3515.0
1289,,,,,,,3516.0
1290,,,,,,,3517.0
1291,,,,,,,3518.0
1292,,,,,,,3519.0
1293,,,,,,,3520.0
1294,,,,,,,3521.0
1295,,,,,,,3522.0
1296,,,,,,,3523.0
1297,,,,,,,3524.0
1298,,,,,,,3525.0
1299,,,,,,,3526.0
1300,,,,,,,3527.0
1301,,,,,,,3528.0
1302,,,,,,,3529.0
1303,,,,,,,3530.0
1304,,,,,,,3531.0
1305,,,,,,,3532.0
1306,,,,,,,3533.0
1307,,,,,,,3534.0
1308,,,,,,,3535.0
1309,,,,,,,3536.0
1310,,,,,,,3537.0
1311,,,,,,,3538.0
1312,,,,,,,3539.0
1313,,,,,,,3540.0
1314,,,,,,,3541.0
1315,,,,,,,3542.0
1316,,,,,,,3543.0
1317,,,,,,,3544.0
1318,,,,,,,3545.0
1319,,,,,,,3546.0
1320,,,,,,,3547.0
1321,,,,,,,3548.0
1322,,,,,,,3549.0
1323,,,,,,,3550.0
1324,,,,,,,3551.0
1325,,,,,,,3552.0
1326,,,,,,,3553.0
1327,,,,,,,3554.0
1328,,,,,,,3555.0
1329,,,,,,,3556.0
1330,,,,,,,3557.0
1331,,,,,,,3558.0
1332,,,,,,,3559.0
1333,,,,,,,3560.0
1334,,,,,,,3561.0
1335,,,,,,,3562.0
1336,,,,,,,3563.0
1337,,,,,,,3564.0
1338,,,,,,,3565.0
1339,,,,,,,3566.0
1340,,,,,,,3567.0
1341,,,,,,,3568.0
1342,,,,,,,3569.0
1343,,,,,,,3570.0
1344,,,,,,,3571.0
1345,,,,,,,3572.0
1346,,,,,,,3573.0
1347,,,,,,,3574.0
1348,,,,,,,3575.0
1349,,,,,,,3576.0
1350,,,,,,,3577.0
1351,,,,,,,3578.0
1352,,,,,,,3579.0
1353,,,,,,,3580.0
1354,,,,,,,3581.0
1355,,,,,,,3582.0
1356,,,,,,,3583.0
1357,,,,,,,3584.0
1358,,,,,,,3585.0
1359,,,,,,,3587.0
1360,,,,,,,3588.0
1361,,,,,,,3589.0
1362,,,,,,,3591.0
1363,,,,,,,3592.0
1364,,,,,,,3593.0
1365,,,,,,,3594.0
1366,,,,,,,3595.0
1367,,,,,,,3596.0
1368,,,,,,,3597.0
1369,,,,,,,3598.0
1370,,,,,,,3599.0
1371,,,,,,,3600.0
1372,,,,,,,3601.0
1373,,,,,,,3602.0
1374,,,,,,,3603.0
1375,,,,,,,3604.0
1376,,,,,,,3605.0
1377,,,,,,,3606.0
1378,,,,,,,3607.0
1379,,,,,,,3608.0
1380,,,,,,,3609.0
1381,,,,,,,3610.0
1382,,,,,,,3611.0
1383,,,,,,,3612.0
1384,,,,,,,3613.0
1385,,,,,,,3615.0
1386,,,,,,,3616.0
1387,,,,,,,3617.0
1388,,,,,,,3618.0
1389,,,,,,,3619.0
1390,,,,,,,3620.0
1391,,,,,,,3621.0
1392,,,,,,,3622.0
1393,,,,,,,3623.0
1394,,,,,,,3624.0
1395,,,,,,,3625.0
1396,,,,,,,3626.0
1397,,,,,,,3627.0
1398,,,,,,,3628.0
1399,,,,,,,3629.0
1400,,,,,,,3630.0
1401,,,,,,,3631.0
1402,,,,,,,3632.0
1403,,,,,,,3633.0
1404,,,,,,,3634.0
1405,,,,,,,3635.0
1406,,,,,,,3636.0
1407,,,,,,,3638.0
1408,,,,,,,3639.0
1409,,,,,,,3640.0
1410,,,,,,,3641.0
1411,,,,,,,3643.0
1412,,,,,,,3644.0
1413,,,,,,,3645.0
1414,,,,,,,3646.0
1415,,,,,,,3648.0
1416,,,,,,,3650.0
1417,,,,,,,3651.0
1418,,,,,,,3652.0
1419,,,,,,,3653.0
1420,,,,,,,3654.0
1421,,,,,,,3655.0
1422,,,,,,,3657.0
1423,,,,,,,3658.0
1424,,,,,,,3659.0
1425,,,,,,,3660.0
1426,,,,,,,3661.0
1427,,,,,,,3664.0
1428,,,,,,,3665.0
1429,,,,,,,3666.0
1430,,,,,,,3667.0
1431,,,,,,,3668.0
1432,,,,,,,3669.0
1433,,,,,,,3670.0
1434,,,,,,,3671.0
1435,,,,,,,3672.0
1436,,,,,,,3673.0
1437,,,,,,,3674.0
1438,,,,,,,3675.0
1439,,,,,,,3676.0
1440,,,,,,,3677.0
1441,,,,,,,3678.0
1442,,,,,,,3679.0
1443,,,,,,,3680.0
1444,,,,,,,3681.0
1445,,,,,,,3682.0
1446,,,,,,,3683.0
1447,,,,,,,3685.0
1448,,,,,,,3687.0
1449,,,,,,,3688.0
1450,,,,,,,3689.0
1451,,,,,,,3691.0
1452,,,,,,,3693.0
1453,,,,,,,3694.0
1454,,,,,,,3698.0
1455,,,,,,,3700.0
1456,,,,,,,3701.0
1457,,,,,,,3702.0
1458,,,,,,,3703.0
1459,,,,,,,3704.0
1460,,,,,,,3706.0
1461,,,,,,,3708.0
1462,,,,,,,3709.0
1463,,,,,,,3710.0
1464,,,,,,,3711.0
1465,,,,,,,3714.0
1466,,,,,,,3715.0
1467,,,,,,,3716.0
1468,,,,,,,3718.0
1469,,,,,,,3720.0
1470,,,,,,,3721.0
1471,,,,,,,3722.0
1472,,,,,,,3725.0
1473,,,,,,,3726.0
1474,,,,,,,3727.0
1475,,,,,,,3729.0
1476,,,,,,,3731.0
1477,,,,,,,3733.0
1478,,,,,,,3734.0
1479,,,,,,,3736.0
1480,,,,,,,3737.0
1481,,,,,,,3738.0
1482,,,,,,,3739.0
1483,,,,,,,3740.0
1484,,,,,,,3743.0
1485,,,,,,,3748.0
1486,,,,,,,3749.0
1487,,,,,,,3750.0
1488,,,,,,,3751.0
1489,,,,,,,3752.0
1490,,,,,,,3754.0
1491,,,,,,,3755.0
1492,,,,,,,3756.0
1493,,,,,,,3758.0
1494,,,,,,,3759.0
1495,,,,,,,3761.0
1496,,,,,,,3762.0
1497,,,,,,,3763.0
1498,,,,,,,3764.0
1499,,,,,,,3766.0
1500,,,,,,,3768.0
1501,,,,,,,3771.0
1502,,,,,,,3774.0
1503,,,,,,,3776.0
1504,,,,,,,3778.0
1505,,,,,,,3779.0
1506,,,,,,,3780.0
1507,,,,,,,3782.0
1508,,,,,,,3785.0
1509,,,,,,,3787.0
1510,,,,,,,3790.0
1511,,,,,,,3797.0
1512,,,,,,,3800.0
1513,,,,,,,3801.0
1514,,,,,,,3802.0
1515,,,,,,,3803.0
1516,,,,,,,3804.0
1517,,,,,,,3805.0
1518,,,,,,,3808.0
1519,,,,,,,3809.0
1520,,,,,,,3811.0
1521,,,,,,,3813.0
1522,,,,,,,3815.0
1523,,,,,,,3816.0
1524,,,,,,,3817.0
1525,,,,,,,3819.0
1526,,,,,,,3820.0
1527,,,,,,,3821.0
1528,,,,,,,3822.0
1529,,,,,,,3823.0
1530,,,,,,,3824.0
1531,,,,,,,3827.0
1532,,,,,,,3828.0
1533,,,,,,,3831.0
1534,,,,,,,3832.0
1535,,,,,,,3833.0
1536,,,,,,,3834.0
1537,,,,,,,3835.0
1538,,,,,,,3836.0
1539,,,,,,,3837.0
1540,,,,,,,3840.0
1541,,,,,,,3845.0
1542,,,,,,,3856.0
1543,,,,,,,3859.0
1544,,,,,,,3861.0
1545,,,,,,,3862.0
1546,,,,,,,3864.0
1547,,,,,,,3866.0
1548,,,,,,,3868.0
1549,,,,,,,3869.0
1550,,,,,,,3870.0
1551,,,,,,,3871.0
1552,,,,,,,3873.0
1553,,,,,,,3874.0
1554,,,,,,,3879.0
1555,,,,,,,3880.0
1556,,,,,,,3895.0
1557,,,,,,,3896.0
1558,,,,,,,3898.0
1559,,,,,,,3899.0
1560,,,,,,,3902.0
1561,,,,,,,3903.0
1562,,,,,,,3905.0
1563,,,,,,,3911.0
1564,,,,,,,3912.0
1565,,,,,,,3913.0
1566,,,,,,,3914.0
1567,,,,,,,3915.0
1568,,,,,,,3917.0
1569,,,,,,,3918.0
1570,,,,,,,3920.0
1571,,,,,,,3921.0
1572,,,,,,,3922.0
1573,,,,,,,3925.0
1574,,,,,,,3928.0
1575,,,,,,,3929.0
1576,,,,,,,3933.0
1577,,,,,,,3935.0
1578,,,,,,,3937.0
1579,,,,,,,3939.0
1580,,,,,,,3943.0
1581,,,,,,,3944.0
1582,,,,,,,3945.0
1583,,,,,,,3946.0
1584,,,,,,,3947.0
1585,,,,,,,3956.0
1586,,,,,,,3964.0
1587,,,,,,,3965.0
1588,,,,,,,3979.0
1589,,,,,,,3985.0
1590,,,,,,,3986.0
1591,,,,,,,3990.0
1592,,,,,,,3991.0
1593,,,,,,,3992.0
1594,,,,,,,3993.0
1595,,,,,,,3998.0
1596,,,,,,,4000.0
1597,,,,,,,4002.0
1598,,,,,,,4009.0
1599,,,,,,,4011.0
1600,,,,,,,4013.0
1601,,,,,,,4015.0
1602,,,,,,,4017.0
1603,,,,,,,4021.0
1604,,,,,,,4025.0
1605,,,,,,,4028.0
1606,,,,,,,4035.0
1607,,,,,,,4036.0
1608,,,,,,,4040.0
1609,,,,,,,4041.0
1610,,,,,,,4043.0
1611,,,,,,,4047.0
1612,,,,,,,4053.0
1613,,,,,,,4058.0
1614,,,,,,,4059.0
1615,,,,,,,4064.0
1616,,,,,,,4065.0
1617,,,,,,,4069.0
1618,,,,,,,4071.0
1619,,,,,,,4072.0
1620,,,,,,,4073.0
1621,,,,,,,4074.0
1622,,,,,,,4083.0
1623,,,,,,,4087.0
1624,,,,,,,4092.0
1625,,,,,,,4095.0
1626,,,,,,,4100.0
1627,,,,,,,4109.0
1628,,,,,,,4113.0
1629,,,,,,,4114.0
1630,,,,,,,4115.0
1631,,,,,,,4116.0
1632,,,,,,,4117.0
1633,,,,,,,4118.0
1634,,,,,,,4119.0
1635,,,,,,,4120.0
1636,,,,,,,4121.0
1637,,,,,,,4122.0
1638,,,,,,,4123.0
1639,,,,,,,4124.0
1640,,,,,,,4125.0
1641,,,,,,,4126.0
1642,,,,,,,4127.0
1643,,,,,,,4128.0
1644,,,,,,,4129.0
1645,,,,,,,4130.0
1646,,,,,,,4131.0
1647,,,,,,,4132.0
1648,,,,,,,4133.0
1649,,,,,,,4134.0
1650,,,,,,,4135.0
1651,,,,,,,4136.0
1652,,,,,,,4137.0
1653,,,,,,,4138.0
1654,,,,,,,4139.0
1655,,,,,,,4140.0
1656,,,,,,,4141.0
1657,,,,,,,4142.0
1658,,,,,,,4143.0
1659,,,,,,,4144.0
1660,,,,,,,4145.0
1661,,,,,,,4146.0
1662,,,,,,,4147.0
1663,,,,,,,4148.0
1664,,,,,,,4149.0
1665,,,,,,,4150.0
1666,,,,,,,4151.0
1667,,,,,,,4152.0
1668,,,,,,,4153.0
1669,,,,,,,4154.0
1670,,,,,,,4155.0
1671,,,,,,,4156.0
1672,,,,,,,4157.0
1673,,,,,,,4158.0
1674,,,,,,,4159.0
1675,,,,,,,4160.0
1676,,,,,,,4161.0
1677,,,,,,,4162.0
1678,,,,,,,4163.0
1679,,,,,,,4165.0
1680,,,,,,,4166.0
1681,,,,,,,4167.0
1682,,,,,,,4168.0
1683,,,,,,,4169.0
1684,,,,,,,4170.0
1685,,,,,,,4171.0
1686,,,,,,,4172.0
1687,,,,,,,4173.0
1688,,,,,,,4174.0
1689,,,,,,,4175.0
1690,,,,,,,4176.0
1691,,,,,,,4177.0
1692,,,,,,,4178.0
1693,,,,,,,4179.0
1694,,,,,,,4180.0
1695,,,,,,,4181.0
1696,,,,,,,4182.0
1697,,,,,,,4183.0
1698,,,,,,,4184.0
1699,,,,,,,4186.0
1700,,,,,,,4187.0
1701,,,,,,,4189.0
1702,,,,,,,4190.0
1703,,,,,,,4193.0
1704,,,,,,,4194.0
1705,,,,,,,4195.0
1706,,,,,,,4196.0
1707,,,,,,,4197.0
1708,,,,,,,4198.0
1709,,,,,,,4199.0
1710,,,,,,,4200.0
1711,,,,,,,4201.0
1712,,,,,,,4202.0
1713,,,,,,,4203.0
1714,,,,,,,4204.0
1715,,,,,,,4206.0
1716,,,,,,,4207.0
1717,,,,,,,4208.0
1718,,,,,,,4210.0
1719,,,,,,,4211.0
1720,,,,,,,4212.0
1721,,,,,,,4213.0
1722,,,,,,,4215.0
1723,,,,,,,4216.0
1724,,,,,,,4217.0
1725,,,,,,,4218.0
1726,,,,,,,4219.0
1727,,,,,,,4220.0
1728,,,,,,,4221.0
1729,,,,,,,4223.0
1730,,,,,,,4224.0
1731,,,,,,,4225.0
1732,,,,,,,4226.0
1733,,,,,,,4227.0
1734,,,,,,,4229.0
1735,,,,,,,4230.0
1736,,,,,,,4231.0
1737,,,,,,,4232.0
1738,,,,,,,4234.0
1739,,,,,,,4235.0
1740,,,,,,,4236.0
1741,,,,,,,4237.0
1742,,,,,,,4238.0
1743,,,,,,,4239.0
1744,,,,,,,4240.0
1745,,,,,,,4242.0
1746,,,,,,,4243.0
1747,,,,,,,4244.0
1748,,,,,,,4246.0
1749,,,,,,,4247.0
1750,,,,,,,4248.0
1751,,,,,,,4249.0
1752,,,,,,,4250.0
1753,,,,,,,4251.0
1754,,,,,,,4252.0
1755,,,,,,,4253.0
1756,,,,,,,4254.0
1757,,,,,,,4255.0
1758,,,,,,,4256.0
1759,,,,,,,4258.0
1760,,,,,,,4259.0
1761,,,,,,,4260.0
1762,,,,,,,4261.0
1763,,,,,,,4262.0
1764,,,,,,,4263.0
1765,,,,,,,4266.0
1766,,,,,,,4267.0
1767,,,,,,,4269.0
1768,,,,,,,4270.0
1769,,,,,,,4271.0
1770,,,,,,,4272.0
1771,,,,,,,4273.0
1772,,,,,,,4274.0
1773,,,,,,,4275.0
1774,,,,,,,4276.0
1775,,,,,,,4277.0
1776,,,,,,,4279.0
1777,,,,,,,4280.0
1778,,,,,,,4281.0
1779,,,,,,,4282.0
1780,,,,,,,4283.0
1781,,,,,,,4284.0
1782,,,,,,,4285.0
1783,,,,,,,4288.0
1784,,,,,,,4289.0
1785,,,,,,,4290.0
1786,,,,,,,4291.0
1787,,,,,,,4292.0
1788,,,,,,,4293.0
1789,,,,,,,4294.0
1790,,,,,,,4296.0
1791,,,,,,,4298.0
1792,,,,,,,4300.0
1793,,,,,,,4303.0
1794,,,,,,,4304.0
1795,,,,,,,4305.0
1796,,,,,,,4306.0
1797,,,,,,,4307.0
1798,,,,,,,4308.0
1799,,,,,,,4311.0
1800,,,,,,,4313.0
1801,,,,,,,4314.0
1802,,,,,,,4317.0
1803,,,,,,,4318.0
1804,,,,,,,4319.0
1805,,,,,,,4321.0
1806,,,,,,,4322.0
1807,,,,,,,4323.0
1808,,,,,,,4324.0
1809,,,,,,,4325.0
1810,,,,,,,4327.0
1811,,,,,,,4328.0
1812,,,,,,,4329.0
1813,,,,,,,4330.0
1814,,,,,,,4331.0
1815,,,,,,,4332.0
1816,,,,,,,4333.0
1817,,,,,,,4337.0
1818,,,,,,,4338.0
1819,,,,,,,4342.0
1820,,,,,,,4343.0
1821,,,,,,,4344.0
1822,,,,,,,4345.0
1823,,,,,,,4346.0
1824,,,,,,,4348.0
1825,,,,,,,4349.0
1826,,,,,,,4351.0
1827,,,,,,,4353.0
1828,,,,,,,4354.0
1829,,,,,,,4355.0
1830,,,,,,,4356.0
1831,,,,,,,4357.0
1832,,,,,,,4361.0
1833,,,,,,,4364.0
1834,,,,,,,4368.0
1835,,,,,,,4369.0
1836,,,,,,,4371.0
1837,,,,,,,4374.0
1838,,,,,,,4376.0
1839,,,,,,,4377.0
1840,,,,,,,4383.0
1841,,,,,,,4392.0
1842,,,,,,,4396.0
1843,,,,,,,4400.0
1844,,,,,,,4401.0
1845,,,,,,,4404.0
1846,,,,,,,4406.0
1847,,,,,,,4407.0
1848,,,,,,,4409.0
1849,,,,,,,4412.0
1850,,,,,,,4425.0
1851,,,,,,,4432.0
1852,,,,,,,4440.0
1853,,,,,,,4441.0
1854,,,,,,,4442.0
1855,,,,,,,4443.0
1856,,,,,,,4444.0
1857,,,,,,,4445.0
1858,,,,,,,4446.0
1859,,,,,,,4447.0
1860,,,,,,,4448.0
1861,,,,,,,4449.0
1862,,,,,,,4450.0
1863,,,,,,,4451.0
1864,,,,,,,4452.0
1865,,,,,,,4453.0
1866,,,,,,,4454.0
1867,,,,,,,4455.0
1868,,,,,,,4456.0
1869,,,,,,,4457.0
1870,,,,,,,4458.0
1871,,,,,,,4459.0
1872,,,,,,,4460.0
1873,,,,,,,4461.0
1874,,,,,,,4462.0
1875,,,,,,,4463.0
1876,,,,,,,4464.0
1877,,,,,,,4465.0
1878,,,,,,,4466.0
1879,,,,,,,4467.0
1880,,,,,,,4468.0
1881,,,,,,,4469.0
1882,,,,,,,4470.0
1883,,,,,,,4471.0
1884,,,,,,,4472.0
1885,,,,,,,4473.0
1886,,,,,,,4474.0
1887,,,,,,,4475.0
1888,,,,,,,4476.0
1889,,,,,,,4477.0
1890,,,,,,,4478.0
1891,,,,,,,4479.0
1892,,,,,,,4480.0
1893,,,,,,,4481.0
1894,,,,,,,4482.0
1895,,,,,,,4483.0
1896,,,,,,,4484.0
1897,,,,,,,4485.0
1898,,,,,,,4486.0
1899,,,,,,,4487.0
1900,,,,,,,4488.0
1901,,,,,,,4489.0
1902,,,,,,,4490.0
1903,,,,,,,4491.0
1904,,,,,,,4492.0
1905,,,,,,,4493.0
1906,,,,,,,4494.0
1907,,,,,,,4495.0
1908,,,,,,,4496.0
1909,,,,,,,4497.0
1910,,,,,,,4498.0
1911,,,,,,,4499.0
1912,,,,,,,4500.0
1913,,,,,,,4501.0
1914,,,,,,,4502.0
1915,,,,,,,4503.0
1916,,,,,,,4504.0
1917,,,,,,,4505.0
1918,,,,,,,4506.0
1919,,,,,,,4507.0
1920,,,,,,,4508.0
1921,,,,,,,4509.0
1922,,,,,,,4510.0
1923,,,,,,,4511.0
1924,,,,,,,4512.0
1925,,,,,,,4513.0
1926,,,,,,,4514.0
1927,,,,,,,4515.0
1928,,,,,,,4516.0
1929,,,,,,,4517.0
1930,,,,,,,4518.0
1931,,,,,,,4519.0
1932,,,,,,,4520.0
1933,,,,,,,4521.0
1934,,,,,,,4522.0
1935,,,,,,,4523.0
1936,,,,,,,4524.0
1937,,,,,,,4525.0
1938,,,,,,,4526.0
1939,,,,,,,4527.0
1940,,,,,,,4528.0
1941,,,,,,,4529.0
1942,,,,,,,4530.0
1943,,,,,,,4531.0
1944,,,,,,,4532.0
1945,,,,,,,4533.0
1946,,,,,,,4534.0
1947,,,,,,,4535.0
1948,,,,,,,4536.0
1949,,,,,,,4537.0
1950,,,,,,,4538.0
1951,,,,,,,4539.0
1952,,,,,,,4540.0
1953,,,,,,,4541.0
1954,,,,,,,4542.0
1955,,,,,,,4543.0
1956,,,,,,,4544.0
1957,,,,,,,4545.0
1958,,,,,,,4546.0
1959,,,,,,,4547.0
1960,,,,,,,4548.0
1961,,,,,,,4549.0
1962,,,,,,,4551.0
1963,,,,,,,4552.0
1964,,,,,,,4553.0
1965,,,,,,,4554.0
1966,,,,,,,4555.0
1967,,,,,,,4556.0
1968,,,,,,,4558.0
1969,,,,,,,4559.0
1970,,,,,,,4560.0
1971,,,,,,,4561.0
1972,,,,,,,4562.0
1973,,,,,,,4563.0
1974,,,,,,,4564.0
1975,,,,,,,4565.0
1976,,,,,,,4566.0
1977,,,,,,,4567.0
1978,,,,,,,4569.0
1979,,,,,,,4570.0
1980,,,,,,,4571.0
1981,,,,,,,4572.0
1982,,,,,,,4573.0
1983,,,,,,,4574.0
1984,,,,,,,4577.0
1985,,,,,,,4579.0
1986,,,,,,,4580.0
1987,,,,,,,4582.0
1988,,,,,,,4583.0
1989,,,,,,,4586.0
1990,,,,,,,4602.0
1991,,,,,,,4612.0
1992,,,,,,,4613.0
1993,,,,,,,4614.0
1994,,,,,,,4618.0
1995,,,,,,,4619.0
1996,,,,,,,4620.0
1997,,,,,,,4621.0
1998,,,,,,,4622.0
1999,,,,,,,4623.0
2000,,,,,,,4624.0
2001,,,,,,,4625.0
2002,,,,,,,4626.0
2003,,,,,,,4627.0
2004,,,,,,,4628.0
2005,,,,,,,4629.0
2006,,,,,,,4630.0
2007,,,,,,,4631.0
2008,,,,,,,4632.0
2009,,,,,,,4633.0
2010,,,,,,,4634.0
2011,,,,,,,4635.0
2012,,,,,,,4636.0
2013,,,,,,,4637.0
2014,,,,,,,4638.0
2015,,,,,,,4639.0
2016,,,,,,,4640.0
2017,,,,,,,4641.0
2018,,,,,,,4642.0
2019,,,,,,,4643.0
2020,,,,,,,4644.0
2021,,,,,,,4645.0
2022,,,,,,,4647.0
2023,,,,,,,4648.0
2024,,,,,,,4649.0
2025,,,,,,,4650.0
2026,,,,,,,4651.0
2027,,,,,,,4652.0
2028,,,,,,,4653.0
2029,,,,,,,4654.0
2030,,,,,,,4655.0
2031,,,,,,,4656.0
2032,,,,,,,4657.0
2033,,,,,,,4658.0
2034,,,,,,,4659.0
2035,,,,,,,4660.0
2036,,,,,,,4661.0
2037,,,,,,,4662.0
2038,,,,,,,4663.0
2039,,,,,,,4664.0
2040,,,,,,,4665.0
2041,,,,,,,4666.0
2042,,,,,,,4667.0
2043,,,,,,,4668.0
2044,,,,,,,4669.0
2045,,,,,,,4670.0
2046,,,,,,,4671.0
2047,,,,,,,4672.0
2048,,,,,,,4673.0
2049,,,,,,,4674.0
2050,,,,,,,4675.0
2051,,,,,,,4676.0
2052,,,,,,,4677.0
2053,,,,,,,4678.0
2054,,,,,,,4679.0
2055,,,,,,,4680.0
2056,,,,,,,4681.0
2057,,,,,,,4682.0
2058,,,,,,,4683.0
2059,,,,,,,4684.0
2060,,,,,,,4685.0
2061,,,,,,,4686.0
2062,,,,,,,4687.0
2063,,,,,,,4688.0
2064,,,,,,,4689.0
2065,,,,,,,4690.0
2066,,,,,,,4691.0
2067,,,,,,,4692.0
2068,,,,,,,4693.0
2069,,,,,,,4694.0
2070,,,,,,,4695.0
2071,,,,,,,4696.0
2072,,,,,,,4697.0
2073,,,,,,,4698.0
2074,,,,,,,4700.0
2075,,,,,,,4701.0
2076,,,,,,,4702.0
2077,,,,,,,4703.0
2078,,,,,,,4704.0
2079,,,,,,,4705.0
2080,,,,,,,4706.0
2081,,,,,,,4707.0
2082,,,,,,,4708.0
2083,,,,,,,4709.0
2084,,,,,,,4710.0
2085,,,,,,,4711.0
2086,,,,,,,4712.0
2087,,,,,,,4714.0
2088,,,,,,,4715.0
2089,,,,,,,4718.0
2090,,,,,,,4719.0
2091,,,,,,,4721.0
2092,,,,,,,4722.0
2093,,,,,,,4724.0
2094,,,,,,,4725.0
2095,,,,,,,4727.0
2096,,,,,,,4730.0
2097,,,,,,,4734.0
2098,,,,,,,4737.0
